mode_name	mode_label	topology	method	axis_value	gpu_count	runtime_mean_s	runtime_std_s	n_repeats	log_count	staging_mode	staging_modes	any_repeat_disk	all_repeats_disk
sample_scaling	Sample Scaling	rng	batch	1000000	1	37.203456004460655	0.33062790652291185	3	3	ram	ram	False	False
sample_scaling	Sample Scaling	rng	batch	1000000	2	31.735870281855266	1.1346760981486117	3	3	ram	ram	False	False
sample_scaling	Sample Scaling	rng	batch	1000000	3	29.15383776028951	0.41593343650965187	3	3	ram	ram	False	False
sample_scaling	Sample Scaling	rng	batch	1000000	4	28.793405214945476	0.30372371060102876	3	3	ram	ram	False	False
sample_scaling	Sample Scaling	rng	batch	1000000	8	24.6941393216451	0.31915351411238646	3	3	ram	ram	False	False
sample_scaling	Sample Scaling	rng	batch	5000000	1	45.823409716288246	0.36214711892919266	3	3	ram	ram	False	False
sample_scaling	Sample Scaling	rng	batch	5000000	2	35.86734437942505	0.663831293256566	3	3	ram	ram	False	False
sample_scaling	Sample Scaling	rng	batch	5000000	3	33.10921303431193	0.7328413118852413	3	3	ram	ram	False	False
sample_scaling	Sample Scaling	rng	batch	5000000	4	32.33030637105306	0.8644813907298625	3	3	ram	ram	False	False
sample_scaling	Sample Scaling	rng	batch	5000000	8	26.168262481689453	0.35604732644113085	3	3	ram	ram	False	False
sample_scaling	Sample Scaling	rng	batch	10000000	1	57.09154510498047	0.21460513407503715	3	3	ram	ram	False	False
sample_scaling	Sample Scaling	rng	batch	10000000	2	41.6920059521993	0.4685512966893439	3	3	ram	ram	False	False
sample_scaling	Sample Scaling	rng	batch	10000000	3	37.599305629730225	0.8466745352039011	3	3	ram	ram	False	False
sample_scaling	Sample Scaling	rng	batch	10000000	4	35.585524241129555	0.9268066646380068	3	3	ram	ram	False	False
sample_scaling	Sample Scaling	rng	batch	10000000	8	27.714138348897297	0.32235078573742365	3	3	ram	ram	False	False
sample_scaling	Sample Scaling	rng	batch	50000000	1	154.32276256879172	8.71890827582545	3	3	ram	ram	False	False
sample_scaling	Sample Scaling	rng	batch	50000000	2	91.87198185920715	0.7056611949499784	3	3	ram	ram	False	False
sample_scaling	Sample Scaling	rng	batch	50000000	3	74.73753420511882	0.9896267269895337	3	3	ram	ram	False	False
sample_scaling	Sample Scaling	rng	batch	50000000	4	63.82037321726481	0.8633905680524887	3	3	ram	ram	False	False
sample_scaling	Sample Scaling	rng	batch	50000000	8	44.086398204167686	0.3747263474965003	3	3	ram	ram	False	False
sample_scaling	Sample Scaling	rng	batch	100000000	1	610.4827474753062	20.49756002504764	3	3	ram	ram	False	False
sample_scaling	Sample Scaling	rng	batch	100000000	2	153.05815601348877	0.6248967014359976	3	3	ram	ram	False	False
sample_scaling	Sample Scaling	rng	batch	100000000	3	117.98618189493816	0.5212553766119081	3	3	ram	ram	False	False
sample_scaling	Sample Scaling	rng	batch	100000000	4	101.83195614814758	1.1847503498833094	3	3	ram	ram	False	False
sample_scaling	Sample Scaling	rng	batch	100000000	8	64.55073436101277	0.6208999289343906	3	3	ram	ram	False	False
sample_scaling	Sample Scaling	rng	batch	500000000	2	725.3011342684428	16.745882581897895	3	3	disk	disk	True	True
sample_scaling	Sample Scaling	rng	batch	500000000	3	493.9527008533478	3.142716880753251	3	3	ram	ram	False	False
sample_scaling	Sample Scaling	rng	batch	500000000	4	399.93823981285095	1.1331901471562411	3	3	ram	ram	False	False
sample_scaling	Sample Scaling	rng	batch	500000000	8	218.80075025558472	2.828996996892017	3	3	ram	ram	False	False
sample_scaling	Sample Scaling	rng	batch	1000000000	3	1044.595311164856	103.73278344595296	3	3	disk	disk	True	True
sample_scaling	Sample Scaling	rng	batch	1000000000	4	842.419402996699	63.1857478406571	3	3	disk	disk	True	True
sample_scaling	Sample Scaling	rng	batch	1000000000	8	369.4120698769887	4.861859206080603	3	3	disk	disk	True	True
dimension_scaling	Dimension Scaling	rng	batch	50	1	57.20103736718496	0.4751922259479028	6	0	unknown	unknown	False	False
dimension_scaling	Dimension Scaling	rng	batch	50	2	42.13516632715861	0.5043511631816967	3	0	unknown	unknown	False	False
dimension_scaling	Dimension Scaling	rng	batch	50	3	37.62869159380595	0.25765119482528936	3	0	unknown	unknown	False	False
dimension_scaling	Dimension Scaling	rng	batch	50	4	36.593020836512245	0.7502373790067157	3	0	unknown	unknown	False	False
dimension_scaling	Dimension Scaling	rng	batch	50	8	27.391705830891926	0.8464320400622642	3	0	unknown	unknown	False	False
dimension_scaling	Dimension Scaling	rng	batch	100	1	80.50414617856343	0.32686458874627367	6	0	unknown	unknown	False	False
dimension_scaling	Dimension Scaling	rng	batch	100	2	54.27312819163004	0.8224330052906441	3	0	unknown	unknown	False	False
dimension_scaling	Dimension Scaling	rng	batch	100	3	46.46914339065552	0.4707348475189324	3	0	unknown	unknown	False	False
dimension_scaling	Dimension Scaling	rng	batch	100	4	42.06505521138509	0.42576119577838745	3	0	unknown	unknown	False	False
dimension_scaling	Dimension Scaling	rng	batch	100	8	30.83838375409444	0.07285794860899053	3	0	unknown	unknown	False	False
dimension_scaling	Dimension Scaling	rng	batch	200	1	127.83753410975139	0.4264752196292631	6	0	unknown	unknown	False	False
dimension_scaling	Dimension Scaling	rng	batch	200	2	79.95079827308655	0.4216730564861867	3	0	unknown	unknown	False	False
dimension_scaling	Dimension Scaling	rng	batch	200	3	65.22867981592815	0.5473527426399545	3	0	unknown	unknown	False	False
dimension_scaling	Dimension Scaling	rng	batch	200	4	57.57775259017944	0.45112400759175597	3	0	unknown	unknown	False	False
dimension_scaling	Dimension Scaling	rng	batch	200	8	38.8646023273468	0.4959326240724026	3	0	unknown	unknown	False	False
dimension_scaling	Dimension Scaling	rng	batch	500	1	276.42052404085797	47.490463954141426	3	0	unknown	unknown	False	False
dimension_scaling	Dimension Scaling	rng	batch	500	2	144.3399985631307	0.26769558167216145	3	0	unknown	unknown	False	False
dimension_scaling	Dimension Scaling	rng	batch	500	3	113.22669816017151	0.3786386123451154	3	0	unknown	unknown	False	False
dimension_scaling	Dimension Scaling	rng	batch	500	4	96.25066606203715	0.8263447552662054	3	0	unknown	unknown	False	False
dimension_scaling	Dimension Scaling	rng	batch	500	8	59.57608222961426	0.46472154947568545	3	0	unknown	unknown	False	False
dimension_scaling	Dimension Scaling	rng	batch	1000	1	658.9757990837097	67.58096308265036	3	0	unknown	unknown	False	False
dimension_scaling	Dimension Scaling	rng	batch	1000	2	272.6961727142334	0.26610262540646756	3	0	unknown	unknown	False	False
dimension_scaling	Dimension Scaling	rng	batch	1000	3	204.49361197153726	1.4439581703918472	3	0	unknown	unknown	False	False
dimension_scaling	Dimension Scaling	rng	batch	1000	4	169.31019473075867	0.23083936117022674	3	0	unknown	unknown	False	False
dimension_scaling	Dimension Scaling	rng	batch	1000	8	97.90790057182312	1.1115619986693575	3	0	unknown	unknown	False	False
dimension_scaling	Dimension Scaling	rng	batch	2000	1	1531.7782565752666	80.20915678119401	3	0	unknown	unknown	False	False
dimension_scaling	Dimension Scaling	rng	batch	2000	2	574.0291663805643	13.155500248051583	3	0	unknown	unknown	False	False
dimension_scaling	Dimension Scaling	rng	batch	2000	3	433.1636429627736	0.5432119346065836	3	0	unknown	unknown	False	False
dimension_scaling	Dimension Scaling	rng	batch	2000	4	349.61471859614056	1.0530250408325512	3	0	unknown	unknown	False	False
dimension_scaling	Dimension Scaling	rng	batch	2000	8	178.6272497177124	0.6675270573428093	3	0	unknown	unknown	False	False
dimension_scaling	Dimension Scaling	rng	batch	5000	3	1137.2431372801464	118.13382414056463	3	0	unknown	unknown	False	False
dimension_scaling	Dimension Scaling	rng	batch	5000	4	926.7742368380228	60.68753267915515	3	0	unknown	unknown	False	False
dimension_scaling	Dimension Scaling	rng	batch	5000	8	409.9381302197774	49.66306469619499	3	0	unknown	unknown	False	False
grid_size_scaling	Grid-Size Scaling	rng	batch	8	1	41.465110063552856	0.6151903655968387	3	0	unknown	unknown	False	False
grid_size_scaling	Grid-Size Scaling	rng	batch	8	2	32.22900636990865	0.3535556412079666	3	0	unknown	unknown	False	False
grid_size_scaling	Grid-Size Scaling	rng	batch	8	3	30.768170992533367	0.7039499920873294	3	0	unknown	unknown	False	False
grid_size_scaling	Grid-Size Scaling	rng	batch	8	4	27.788726886113484	0.2007309177281461	3	0	unknown	unknown	False	False
grid_size_scaling	Grid-Size Scaling	rng	batch	8	8	20.80667471885681	0.410460333092094	3	0	unknown	unknown	False	False
grid_size_scaling	Grid-Size Scaling	rng	batch	16	1	43.85152014096578	0.45716026160686574	3	0	unknown	unknown	False	False
grid_size_scaling	Grid-Size Scaling	rng	batch	16	2	34.12950778007507	0.464369805030774	3	0	unknown	unknown	False	False
grid_size_scaling	Grid-Size Scaling	rng	batch	16	3	32.3716017405192	1.285265953036067	3	0	unknown	unknown	False	False
grid_size_scaling	Grid-Size Scaling	rng	batch	16	4	30.7897207736969	1.9576695673035895	3	0	unknown	unknown	False	False
grid_size_scaling	Grid-Size Scaling	rng	batch	16	8	21.542544921239216	0.15983239329282067	3	0	unknown	unknown	False	False
grid_size_scaling	Grid-Size Scaling	rng	batch	24	1	49.431034564971924	0.5976497846157022	3	0	unknown	unknown	False	False
grid_size_scaling	Grid-Size Scaling	rng	batch	24	2	36.92132433255514	0.2228915134165682	3	0	unknown	unknown	False	False
grid_size_scaling	Grid-Size Scaling	rng	batch	24	3	34.87166015307108	1.523540289708676	3	0	unknown	unknown	False	False
grid_size_scaling	Grid-Size Scaling	rng	batch	24	4	31.31333859761556	0.6985116044884762	3	0	unknown	unknown	False	False
grid_size_scaling	Grid-Size Scaling	rng	batch	24	8	23.517847855885822	0.5915907270635248	3	0	unknown	unknown	False	False
grid_size_scaling	Grid-Size Scaling	rng	batch	32	1	57.43274641036987	0.2636886813802537	3	0	unknown	unknown	False	False
grid_size_scaling	Grid-Size Scaling	rng	batch	32	2	42.223308404286705	0.7375405539292824	3	0	unknown	unknown	False	False
grid_size_scaling	Grid-Size Scaling	rng	batch	32	3	38.72350152333578	0.20386955898252251	3	0	unknown	unknown	False	False
grid_size_scaling	Grid-Size Scaling	rng	batch	32	4	36.0972371896108	0.7651590630287674	3	0	unknown	unknown	False	False
grid_size_scaling	Grid-Size Scaling	rng	batch	32	8	27.03214653333028	0.3734520514542915	3	0	unknown	unknown	False	False
grid_size_scaling	Grid-Size Scaling	rng	batch	48	1	111.02714761098225	0.25115508338009435	3	0	unknown	unknown	False	False
grid_size_scaling	Grid-Size Scaling	rng	batch	48	2	88.35096820195515	0.3505591548557699	3	0	unknown	unknown	False	False
grid_size_scaling	Grid-Size Scaling	rng	batch	48	3	81.16344062487285	0.3057234713625454	3	0	unknown	unknown	False	False
grid_size_scaling	Grid-Size Scaling	rng	batch	48	4	77.89421049753825	0.537928416621687	3	0	unknown	unknown	False	False
grid_size_scaling	Grid-Size Scaling	rng	batch	48	8	71.62719329198201	0.948548291586182	3	0	unknown	unknown	False	False
grid_size_scaling	Grid-Size Scaling	rng	batch	64	1	934.0053220589956	1.8740707993739198	3	0	unknown	unknown	False	False
grid_size_scaling	Grid-Size Scaling	rng	batch	64	2	896.8205916086832	0.5582922915989895	3	0	unknown	unknown	False	False
grid_size_scaling	Grid-Size Scaling	rng	batch	64	3	885.016147851944	0.7789812303369313	3	0	unknown	unknown	False	False
grid_size_scaling	Grid-Size Scaling	rng	batch	64	4	879.72203540802	2.977978756279278	3	0	unknown	unknown	False	False
grid_size_scaling	Grid-Size Scaling	rng	batch	64	8	880.8306202888489	1.5207579625456125	3	0	unknown	unknown	False	False
