dataset_index	dataset	metric	split	wins_floatsom	wins_xpysom	ties	win_rate_floatsom	median_delta_raw	median_pct_improvement	mean_pct_improvement	ci_low_pct	ci_high_pct	p_value	n_pairs	notes	effect_size_signed
8	blobs	quantization_error	train	7	3	0	0.7	-5.662441253606598e-06	0.004195398244273032	0.0033722619766392813	-0.0022556332495483142	0.008903714099285615	0.16015625	10	positive means FloatSOM is better	0.4
5	breast_cancer	quantization_error	train	1	1	8	0.1	0.0	1.4615133477156087e-08	2.9230266954312174e-09	-1.0393683633731578e-05	1.042291390068589e-05	1.0	10	positive means FloatSOM is better	0.0
7	california_housing	quantization_error	train	7	1	2	0.7	-8.940696716308594e-08	1.1263116717143853e-05	0.0016342654421212244	-0.0045712080500458965	0.009473311099793299	0.1484375	10	positive means FloatSOM is better	0.75
9	circles	quantization_error	train	6	4	0	0.6	2.5890767574365814e-05	-0.015623615095070757	-0.01417516164560308	-0.04463725887988476	0.010715849520610093	0.556640625	10	positive means FloatSOM is better	0.2
14	covertype	quantization_error	train	3	7	0	0.3	1.0251998900923098e-05	-0.00033325025325575696	-0.0021409913255914124	-0.01524145415607629	0.005897918550736155	0.322265625	10	positive means FloatSOM is better	-0.4
4	diabetes	quantization_error	train	2	2	6	0.2	-5.551115123125783e-17	-8.760264679264145e-08	-3.5041058717056576e-08	-8.875550333934994e-06	8.684603109406155e-06	0.625	10	positive means FloatSOM is better	0.0
6	digits	quantization_error	train	0	2	8	0.0	4.76837158203125e-07	-1.082180655703415e-05	-2.16436131140683e-06	-1.0848842748519594e-05	-1.0794770365548707e-05	0.5	10	positive means FloatSOM is better	-1.0
1	iris	quantization_error	train	3	1	6	0.3	-1.4901161193847656e-08	7.847837993378032e-06	1.6560717825068739e-06	-7.642157517572344e-06	8.434852405265644e-06	0.25	10	positive means FloatSOM is better	0.5
13	kddcup99	quantization_error	train	4	6	0	0.4	0.00018712878227233887	-0.0370467915977528	-0.2111997402251927	-0.5892899620567914	0.01034354363480095	0.130859375	10	positive means FloatSOM is better	-0.2
10	moons	quantization_error	train	8	2	0	0.8	-3.0100345610878376e-06	0.0021354446912121476	0.011371454690024938	-0.0003134239765131647	0.048139773157233764	0.083984375	10	positive means FloatSOM is better	0.6
3	olivetti_faces	quantization_error	train	2	4	4	0.2	0.2412090301513672	-0.6875055434059375	-0.3985016311891598	-1.5487499654901096	0.32963286506080614	0.21875	10	positive means FloatSOM is better	-0.3333333333333333
11	s_curve	quantization_error	train	9	1	0	0.9	-7.957220077514648e-06	0.00238523683123699	0.0041012550331198236	1.78370051665367e-05	0.009197535927744015	0.01953125	10	positive means FloatSOM is better	0.8
12	swiss_roll	quantization_error	train	6	4	0	0.6	-5.85615634923764e-06	0.0019244854007824863	0.001909201801488797	-0.004566082909271036	0.008727680602251065	0.625	10	positive means FloatSOM is better	0.2
2	wine	quantization_error	train	0	1	9	0.0	1.1920928955078125e-07	-1.0151445352637863e-05	-1.0151445352637863e-06	-1.0151445352637863e-05	-1.0151445352637863e-05	1.0	10	positive means FloatSOM is better	-1.0
	GLOBAL	quantization_error	train	58	39	43	0.4142857142857143	-5.960464477539063e-08	1.5081178591090658e-05	-0.04311647435673208	-0.0008992648553255843	0.0015659072371921913	0.48401691038814854	140	pooled paired samples across datasets	0.1958762886597938
8	blobs	quantization_error	holdout	7	3	0	0.7	-3.941357135800461e-06	0.002643821118744696	0.0032109890703101067	-0.0010360677945040653	0.0074469982470340736	0.232421875	10	positive means FloatSOM is better	0.4
5	breast_cancer	quantization_error	holdout	1	1	8	0.1	0.0	-2.382390916489629e-07	-4.764781832979258e-08	-9.299453564108572e-06	8.822975380810646e-06	1.0	10	positive means FloatSOM is better	0.0
7	california_housing	quantization_error	holdout	7	2	1	0.7	-5.960464477539063e-08	7.324818183363052e-06	-0.0010763949688126118	-0.011319755265008695	0.0069455660990252075	0.49609375	10	positive means FloatSOM is better	0.5555555555555556
9	circles	quantization_error	holdout	6	4	0	0.6	-2.816319465637207e-06	0.001720457946732814	0.001067716420946821	-0.05036044263386187	0.05223222554638134	0.921875	10	positive means FloatSOM is better	0.2
14	covertype	quantization_error	holdout	3	7	0	0.3	1.0013580322265625e-05	-0.00032473087735247226	-0.0021654326488336454	-0.01538350748352475	0.0059338355907208	0.322265625	10	positive means FloatSOM is better	-0.4
4	diabetes	quantization_error	holdout	0	2	8	0.0	1.1920928955078125e-07	-7.114193586852328e-06	-1.4228387173704656e-06	-7.174273800276683e-06	-7.054113373427974e-06	0.5	10	positive means FloatSOM is better	-1.0
6	digits	quantization_error	holdout	1	1	8	0.1	0.0	6.391713545228631e-08	1.2783427090457262e-08	-1.0506450855760929e-05	1.0634285126665502e-05	1.0	10	positive means FloatSOM is better	0.0
1	iris	quantization_error	holdout	4	2	4	0.4	-1.490116116609208e-08	5.767992406711086e-06	3.625413169551293e-06	-8.398213028231855e-06	1.9355110911921425e-05	0.4375	10	positive means FloatSOM is better	0.3333333333333333
13	kddcup99	quantization_error	holdout	4	6	0	0.4	0.00019946694374084473	-0.03814015429037345	-0.22770332178060887	-0.6098992518616926	0.009787402134780273	0.16015625	10	positive means FloatSOM is better	-0.2
10	moons	quantization_error	holdout	6	3	1	0.6	-3.5911798477450407e-06	0.0026172920250794943	0.004859632523807031	-0.008953787790355484	0.030809453587796062	0.49609375	10	positive means FloatSOM is better	0.3333333333333333
3	olivetti_faces	quantization_error	holdout	4	2	4	0.4	-0.099273681640625	0.22910788697673992	0.18129742918644212	-0.38450464074815566	1.4391856711890954	0.3125	10	positive means FloatSOM is better	0.3333333333333333
11	s_curve	quantization_error	holdout	10	0	0	1.0	-1.038610935208406e-05	0.003037195441735975	0.0034219573439017723	0.0001084973317449597	0.006056521902414857	0.001953125	10	positive means FloatSOM is better	1.0
12	swiss_roll	quantization_error	holdout	6	4	0	0.6	-2.7418136596124576e-06	0.0008225981283918691	0.0010926267789890937	-0.005594455180107902	0.0070276031194016295	0.625	10	positive means FloatSOM is better	0.2
2	wine	quantization_error	holdout	4	1	5	0.4	-1.1920928955078125e-07	6.17254954875268e-06	2.5412392871332114e-06	-1.1790855224922944e-05	1.3123438827355716e-05	0.4375	10	positive means FloatSOM is better	0.6
	GLOBAL	quantization_error	holdout	63	38	39	0.45	-2.8312206271086104e-07	0.00010543292016780098	-0.002570720651750723	-0.00015361794046072578	0.0020732863791983447	0.16331382939130945	140	pooled paired samples across datasets	0.24752475247524752
8	blobs	balanced_qe	both	8	2	0	0.8	-3.68058681494976e-06	0.00245587701976334	0.003294167176035658	0.000283170910986245	0.006358628607469497	0.048828125	10	positive means FloatSOM is better	0.6
5	breast_cancer	balanced_qe	both	2	2	6	0.2	0.0	-1.1085777466442789e-08	-4.434310986577115e-09	-4.915420603447509e-06	4.918259752478741e-06	1.0	10	positive means FloatSOM is better	0.0
7	california_housing	balanced_qe	both	9	1	0	0.9	-5.960464477539063e-08	7.4176716730896044e-06	0.0002567667966957371	-0.006916489099086334	0.008176334229102718	0.064453125	10	positive means FloatSOM is better	0.8
9	circles	balanced_qe	both	6	4	0	0.6	1.970678567844719e-06	-0.0012144243355416628	-0.00654878767903175	-0.03722665619237912	0.023053969487454848	0.921875	10	positive means FloatSOM is better	0.2
14	covertype	balanced_qe	both	3	7	0	0.3	1.0132789612260495e-05	-0.0003289855251544666	-0.002153190210839684	-0.015312413976299826	0.005915868498100796	0.322265625	10	positive means FloatSOM is better	-0.4
4	diabetes	balanced_qe	both	1	3	6	0.1	5.960464460885717e-08	-3.920518232979812e-06	-7.819329279876507e-07	-3.9257502442405515e-06	3.950001668875705e-06	0.875	10	positive means FloatSOM is better	-0.5
6	digits	balanced_qe	both	1	2	7	0.1	1.7881393432617188e-07	-3.984319356443931e-06	-1.0617446532560157e-06	-1.0648659357746342e-05	5.3510437184017525e-06	0.75	10	positive means FloatSOM is better	-0.3333333333333333
1	iris	balanced_qe	both	4	2	4	0.4	-1.490116116609208e-08	4.928186345370601e-06	2.856518583193501e-06	-7.759232866372355e-06	1.4002402847476615e-05	0.21875	10	positive means FloatSOM is better	0.3333333333333333
13	kddcup99	balanced_qe	both	4	6	0	0.4	0.0001932978630065918	-0.03760142052321737	-0.21944508623874626	-0.5995983764554469	0.009948817544003596	0.16015625	10	positive means FloatSOM is better	-0.2
10	moons	balanced_qe	both	7	3	0	0.7	-2.5257468223433e-06	0.0018171781933151165	0.008101628798234445	-0.0029976696376903525	0.03773803200199432	0.275390625	10	positive means FloatSOM is better	0.4
3	olivetti_faces	balanced_qe	both	4	3	3	0.4	0.030862808227537286	-0.08023170612604655	-0.07942370385338984	-0.7889560631840616	0.47557698560770334	0.9375	10	positive means FloatSOM is better	0.14285714285714285
11	s_curve	balanced_qe	both	10	0	0	1.0	-1.2844800949068924e-05	0.0036527189478858654	0.003761213321570057	8.500477921539416e-05	0.007308295850889939	0.001953125	10	positive means FloatSOM is better	1.0
12	swiss_roll	balanced_qe	both	6	4	0	0.6	-2.004206180628021e-06	0.0008136619987490655	0.0015008163511940895	-0.005126533089720481	0.007875935933558648	0.6953125	10	positive means FloatSOM is better	0.2
2	wine	balanced_qe	both	4	2	4	0.4	-2.9802322387695312e-08	2.0084988795944157e-06	1.1510870417556645e-06	-7.4390406880934104e-06	7.842865676455203e-06	0.6875	10	positive means FloatSOM is better	0.3333333333333333
	GLOBAL	balanced_qe	both	69	41	30	0.4928571428571429	-1.1920928955078125e-07	1.5843506690533647e-05	-0.02076100114603891	-3.92179035225583e-06	0.0010907891516736268	0.09227648173867004	140	pooled paired samples across datasets	0.2545454545454545
8	blobs	train_time	train	0	10	0	0.0	0.018937224056571705	-82.19720726539971	-82.26982939637693	-82.61598483050741	-81.88146330284209	0.001953125	10	positive means FloatSOM is better	-1.0
5	breast_cancer	train_time	train	0	10	0	0.0	0.021280005807057	-124.48866632547612	-123.08750702240734	-125.50442699805507	-117.18336003450139	0.001953125	10	positive means FloatSOM is better	-1.0
7	california_housing	train_time	train	0	10	0	0.0	0.02040008758194745	-112.77051496235387	-107.72692387478648	-120.10927011506388	-94.138795875464	0.001953125	10	positive means FloatSOM is better	-1.0
9	circles	train_time	train	0	10	0	0.0	0.01895170006901025	-82.01098494100796	-82.04678896802064	-82.65429043639261	-81.51429967706429	0.001953125	10	positive means FloatSOM is better	-1.0
14	covertype	train_time	train	8	2	0	0.8	-0.016737535828724476	4.554371691365544	3.136352733183264	-0.24162208205946678	4.703383064176814	0.10546875	10	positive means FloatSOM is better	0.6
4	diabetes	train_time	train	0	10	0	0.0	0.021060471888631548	-124.71645857374257	-130.89467969585965	-156.44314899699697	-123.36422248108295	0.001953125	10	positive means FloatSOM is better	-1.0
6	digits	train_time	train	0	10	0	0.0	0.0216000094078481	-124.25548837190706	-124.40751078420305	-126.36592422323383	-122.78729430021339	0.001953125	10	positive means FloatSOM is better	-1.0
1	iris	train_time	train	0	10	0	0.0	0.02100832923315465	-126.26792343050192	-127.19891797773906	-132.62317931117215	-124.68126842834567	0.001953125	10	positive means FloatSOM is better	-1.0
13	kddcup99	train_time	train	10	0	0	1.0	-0.038715094327926636	12.294991440673979	12.554779443547918	8.078746412182248	15.742636924280204	0.001953125	10	positive means FloatSOM is better	1.0
10	moons	train_time	train	0	10	0	0.0	0.018927950412035	-82.09568212347114	-88.24077432351383	-112.97033929072711	-81.69792574065193	0.001953125	10	positive means FloatSOM is better	-1.0
3	olivetti_faces	train_time	train	0	10	0	0.0	0.03710068040527405	-200.89618705499439	-199.57743424366797	-203.22039401191583	-194.78692229614376	0.001953125	10	positive means FloatSOM is better	-1.0
11	s_curve	train_time	train	0	10	0	0.0	0.019159825751557953	-83.10041872772214	-83.84380254522486	-87.05463502170967	-82.47613923522167	0.001953125	10	positive means FloatSOM is better	-1.0
12	swiss_roll	train_time	train	1	9	0	0.1	0.018842627294361602	-81.64200450857287	-65.98929529993036	-82.60484597271285	-3.0854572366663504	0.00390625	10	positive means FloatSOM is better	-0.8
2	wine	train_time	train	0	10	0	0.0	0.021237409673631198	-126.52134987004723	-126.51471883863906	-127.75914205414692	-125.26327961930042	0.001953125	10	positive means FloatSOM is better	-1.0
	GLOBAL	train_time	train	19	121	0	0.1357142857142857	0.019992989138700075	-102.76882785660052	-94.72193219954558	-103.91615502953213	-95.64443308418987	1.0234183739385977e-22	140	pooled paired samples across datasets	-0.7285714285714285
