idx	dataset	metric	split	wins F/X/tie	median %	mean %	95% CI	p	n	signed effect
8	blobs	QE	train	0/10/0	-2.7298	-2.6927	[-3.7585, -1.6597]	0.002	10	-1
5	breast_cancer	QE	train	10/0/0	5.4998	5.465	[5.0315, 5.9377]	0.002	10	1
7	california_housing	QE	train	10/0/0	3.6187	3.641	[3.0746, 4.2359]	0.002	10	1
9	circles	QE	train	1/9/0	-1.7013	-2.1091	[-3.9805, -0.3778]	0.0137	10	-0.8
14	covertype	QE	train	10/0/0	13.6239	13.5016	[10.9438, 15.887]	0.002	10	1
4	diabetes	QE	train	10/0/0	6.2882	6.3332	[5.2073, 7.5187]	0.002	10	1
6	digits	QE	train	10/0/0	4.4749	4.5437	[4.073, 5.0017]	0.002	10	1
1	iris	QE	train	10/0/0	25.6985	25.9471	[20.7469, 31.2163]	0.002	10	1
13	kddcup99	QE	train	10/0/0	18.8172	18.2227	[14.5027, 22.0324]	0.002	10	1
10	moons	QE	train	2/8/0	-2.6397	-2.3844	[-4.0907, -0.5701]	0.0195	10	-0.6
3	olivetti_faces	QE	train	10/0/0	6.9757	7.4422	[5.9654, 9.3791]	0.002	10	1
11	s_curve	QE	train	10/0/0	3.0675	2.9986	[1.5732, 4.5318]	0.002	10	1
12	swiss_roll	QE	train	10/0/0	5.7819	5.3025	[4.1229, 6.2356]	0.002	10	1
2	wine	QE	train	10/0/0	18.7804	18.6217	[15.9669, 21.416]	0.002	10	1
-	GLOBAL	QE	train	113/27/0	6.1574	7.4881	[5.0617, 8.1204]	5.8e-18	140	0.6143
8	blobs	QE	holdout	0/10/0	-3.0403	-2.9146	[-3.8854, -1.8988]	0.002	10	-1
5	breast_cancer	QE	holdout	3/7/0	-0.1679	-0.0809	[-0.6344, 0.5026]	0.4316	10	-0.4
7	california_housing	QE	holdout	10/0/0	3.5473	3.4616	[2.8161, 3.9656]	0.002	10	1
9	circles	QE	holdout	2/8/0	-2.435	-2.5817	[-4.2591, -0.7108]	0.0098	10	-0.6
14	covertype	QE	holdout	10/0/0	13.5339	13.4773	[11.0872, 15.767]	0.002	10	1
4	diabetes	QE	holdout	8/2/0	0.993	0.9845	[0.0524, 1.9348]	0.0488	10	0.6
6	digits	QE	holdout	10/0/0	2.6213	2.6133	[2.0362, 3.1169]	0.002	10	1
1	iris	QE	holdout	3/7/0	-1.3579	-1.2948	[-4.6315, 2.0699]	0.375	10	-0.4
13	kddcup99	QE	holdout	10/0/0	18.8346	18.178	[14.6321, 21.9247]	0.002	10	1
10	moons	QE	holdout	1/9/0	-2.9592	-2.5631	[-4.2128, -0.9289]	0.0137	10	-0.8
3	olivetti_faces	QE	holdout	8/2/0	1.5548	1.5684	[0.0193, 3.2179]	0.0371	10	0.6
11	s_curve	QE	holdout	10/0/0	2.8467	3.0331	[1.8244, 4.3726]	0.002	10	1
12	swiss_roll	QE	holdout	10/0/0	5.5918	5.3626	[3.9067, 6.5351]	0.002	10	1
2	wine	QE	holdout	5/5/0	-0.0877	-0.2419	[-1.2255, 0.6779]	0.6953	10	0
-	GLOBAL	QE	holdout	90/50/0	1.7513	2.7858	[0.9907, 2.6251]	1.02e-05	140	0.2857
8	blobs	QE_B	both	0/10/0	-2.8719	-2.8032	[-3.8029, -1.9134]	0.002	10	-1
5	breast_cancer	QE_B	both	10/0/0	2.4644	2.4959	[2.075, 2.9683]	0.002	10	1
7	california_housing	QE_B	both	10/0/0	3.6308	3.5512	[2.9851, 4.109]	0.002	10	1
9	circles	QE_B	both	2/8/0	-2.1386	-2.3461	[-3.9949, -0.5829]	0.0098	10	-0.6
14	covertype	QE_B	both	10/0/0	13.6109	13.4894	[11.0155, 15.826]	0.002	10	1
4	diabetes	QE_B	both	10/0/0	3.3183	3.3817	[2.369, 4.1991]	0.002	10	1
6	digits	QE_B	both	10/0/0	3.5551	3.5512	[3.034, 3.9851]	0.002	10	1
1	iris	QE_B	both	10/0/0	7.914	8.1514	[4.7671, 10.8707]	0.002	10	1
13	kddcup99	QE_B	both	10/0/0	18.8261	18.1997	[14.5584, 21.9789]	0.002	10	1
10	moons	QE_B	both	2/8/0	-2.8707	-2.4735	[-4.1471, -0.7217]	0.0195	10	-0.6
3	olivetti_faces	QE_B	both	10/0/0	4.1052	4.1971	[2.6366, 5.7848]	0.002	10	1
11	s_curve	QE_B	both	10/0/0	2.9385	3.0161	[1.6726, 4.3754]	0.002	10	1
12	swiss_roll	QE_B	both	10/0/0	5.7209	5.3327	[4.0146, 6.334]	0.002	10	1
2	wine	QE_B	both	10/0/0	7.1548	7.0442	[5.7434, 8.3772]	0.002	10	1
-	GLOBAL	QE_B	both	114/26/0	3.9446	4.6277	[3.2069, 4.8515]	1.27e-14	140	0.6286
8	blobs	train time	train	0/10/0	-725.754	-726.3513	[-729.2884, -724.0566]	0.002	10	-1
5	breast_cancer	train time	train	0/10/0	-1028.7409	-1021.2214	[-1033.9516, -990.4514]	0.002	10	-1
7	california_housing	train time	train	0/10/0	-959.1137	-935.4774	[-997.3973, -863.1072]	0.002	10	-1
9	circles	train time	train	0/10/0	-728.9236	-729.3583	[-734.228, -723.7248]	0.002	10	-1
14	covertype	train time	train	0/10/0	-38.0038	-37.1495	[-41.0157, -32.7859]	0.002	10	-1
4	diabetes	train time	train	0/10/0	-1029.3356	-1028.7558	[-1034.5884, -1022.6478]	0.002	10	-1
6	digits	train time	train	0/10/0	-1029.1819	-1028.6713	[-1034.196, -1022.846]	0.002	10	-1
1	iris	train time	train	0/10/0	-1030.5871	-1029.7524	[-1035.7818, -1023.3311]	0.002	10	-1
13	kddcup99	train time	train	0/10/0	-36.6803	-35.3473	[-39.0245, -32.0055]	0.002	10	-1
10	moons	train time	train	0/10/0	-731.1551	-730.6761	[-733.0006, -727.7656]	0.002	10	-1
3	olivetti_faces	train time	train	0/10/0	-1054.7323	-1050.5264	[-1064.173, -1034.3248]	0.002	10	-1
11	s_curve	train time	train	0/10/0	-749.2016	-800.7466	[-1011.2814, -744.996]	0.002	10	-1
12	swiss_roll	train time	train	1/9/0	-741.1606	-661.2161	[-745.7479, -339.5738]	0.0039	10	-0.8
2	wine	train time	train	0/10/0	-1040.5015	-1039.5076	[-1043.8579, -1034.1717]	0.002	10	-1
-	GLOBAL	train time	train	1/139/0	-877.7086	-775.3398	[-884.2881, -753.573]	1.59e-24	140	-0.9857
